{"version":{"json_export":"175","page_segmentation":"5","schema":"1.1.0","structure":"1.970.0","table_structure":"5"},"extended_metadata":{"ID_instance":"2A EA C3 C6 EA B3 B2 11 0A 00 67 45 8B 6B C6 23 ","ID_permanent":"41 31 20 44 33 20 43 32 20 43 36 20 45 41 20 42 33 20 42 32 20 31 31 20 30 41 20 30 30 20 36 37 20 34 35 20 38 42 20 36 42 20 43 36 20 32 33 20 ","pdf_version":"1.6","pdfa_compliance_level":"","is_encrypted":false,"has_acroform":false,"is_digitally_signed":false,"pdfua_compliance_level":"","page_count":2,"has_embedded_files":false,"is_certified":false,"is_XFA":false,"language":""},"elements":[{"Bounds":[57.375,716.2050018310547,292.9229736328125,747.4170074462891],"Font":{"alt_family_name":"Helvetica","embedded":false,"encoding":"WinAnsiEncoding","family_name":"Helvetica","font_type":"Type1","italic":false,"monospaced":false,"name":"Helvetica","subset":false,"weight":400},"HasClip":false,"Lang":"en","Page":0,"Path":"//Document/Sect/H1","Text":" A Simple PDF File ","TextSize":27,"attributes":{"LineHeight":32.375,"SpaceAfter":18}},{"Bounds":[69.25,686.3580017089844,245.4200439453125,697.9179992675781],"Font":{"alt_family_name":"Helvetica","embedded":false,"encoding":"WinAnsiEncoding","family_name":"Helvetica","font_type":"Type1","italic":false,"monospaced":false,"name":"Helvetica","subset":false,"weight":400},"HasClip":false,"Lang":"en","Page":0,"Path":"//Document/Sect/P","Text":" This is a small demonstration .pdf file - ","TextSize":10,"attributes":{"SpaceAfter":12}},{"Bounds":[69.25,650.5079956054688,366.5899353027344,674.0180053710938],"Font":{"alt_family_name":"Helvetica","embedded":false,"encoding":"WinAnsiEncoding","family_name":"Helvetica","font_type":"Type1","italic":false,"monospaced":false,"name":"Helvetica","subset":false,"weight":400},"HasClip":false,"Lang":"en","Page":0,"Path":"//Document/Sect/P[2]","Text":" just for use in the Virtual Mechanics tutorials. More text. And more  text. And more text. And more text. And more text. ","TextSize":10,"attributes":{"SpaceAfter":12.125}},{"Bounds":[69.25,590.7579956054688,390.51007080078125,638.1679992675781],"Font":{"alt_family_name":"Helvetica","embedded":false,"encoding":"WinAnsiEncoding","family_name":"Helvetica","font_type":"Type1","italic":false,"monospaced":false,"name":"Helvetica","subset":false,"weight":400},"HasClip":false,"Lang":"en","Page":0,"Path":"//Document/Sect/P[3]","Text":" And more text. And more text. And more text. And more text. And more  text. And more text. Boring, zzzzz. And more text. And more text. And  more text. And more text. And more text. And more text. And more text.  And more text. And more text. ","TextSize":10,"attributes":{"SpaceAfter":12.125}},{"Bounds":[69.25,554.9080047607422,389.97998046875,578.4179992675781],"Font":{"alt_family_name":"Helvetica","embedded":false,"encoding":"WinAnsiEncoding","family_name":"Helvetica","font_type":"Type1","italic":false,"monospaced":false,"name":"Helvetica","subset":false,"weight":400},"HasClip":false,"Lang":"en","Page":0,"Path":"//Document/Sect/P[4]","Text":" And more text. And more text. And more text. And more text. And more  text. And more text. And more text. Even more. Continued on page 2 ... ","TextSize":10,"attributes":{"LineHeight":11.875,"TextAlign":"Justify"}},{"Bounds":[57.375,716.2050018310547,289.9261779785156,747.4170074462891],"Font":{"alt_family_name":"Helvetica","embedded":false,"encoding":"WinAnsiEncoding","family_name":"Helvetica","font_type":"Type1","italic":false,"monospaced":false,"name":"Helvetica","subset":false,"weight":400},"HasClip":false,"Lang":"en","Page":1,"Path":"//Document/Sect[2]/H1","Text":" Simple PDF File 2 ","TextSize":27,"attributes":{"LineHeight":32.375,"SpaceAfter":18}},{"Bounds":[69.25,638.5579986572266,389.3999938964844,697.9179992675781],"Font":{"alt_family_name":"Helvetica","embedded":false,"encoding":"WinAnsiEncoding","family_name":"Helvetica","font_type":"Type1","italic":false,"monospaced":false,"name":"Helvetica","subset":false,"weight":400},"HasClip":false,"Lang":"en","Page":1,"Path":"//Document/Sect[2]/P","Text":" ...continued from page 1. Yet more text. And more text. And more text.  And more text. And more text. And more text. And more text. And more  text. Oh, how boring typing this stuff. But not as boring as watching  paint dry. And more text. And more text. And more text. And more text.  Boring.  More, a little more text. The end, and just as well. ","TextSize":10}],"pages":[{"boxes":{"CropBox":[0,0,612,792],"MediaBox":[0,0,612,792]},"height":792,"is_scanned":false,"page_number":0,"rotation":0,"width":612},{"boxes":{"CropBox":[0,0,612,792],"MediaBox":[0,0,612,792]},"height":792,"is_scanned":false,"page_number":1,"rotation":0,"width":612}]}